User_ID,E-mail,F_Name,L_Name,Address_Country,Address_City,Address_Street,Address_number,Phone,Password,Gender,Register_date,Birthday
1,rreyes0@cnbc.com,Rebecca,Reyes,Indonesia,Nabire,Brickson Park,5,62-(145)611-5395,4c600SC63ZOs,F,2007-1-5,1979-3-22
2,dlong1@umich.edu,Donald,Long,China,Jiangfeng,Dwight,52,86-(366)787-0652,k3dGDjQo46NO,M,2003-4-13,1937-6-24
3,nrobertson2@economist.com,Nicole,Robertson,Philippines,Moncada,Hooker,5,63-(728)622-7879,PONKgj,F,2013-7-22,1967-7-8
4,pmurphy3@cam.ac.uk,Phyllis,Murphy,Japan,Matsushima,Maple,61,81-(787)463-1535,59sSm7wN,F,2004-9-28,1998-2-12
5,kward4@webeden.co.uk,Katherine,Ward,Bosnia and Herzegovina,Todorovo,Truax,49,387-(759)413-3246,DQBV5Sg,F,2006-7-21,1939-2-9
6,skelly5@163.com,Shawn,Kelly,Nepal,Banepa,Nancy,38,977-(848)580-2550,T677IJ,M,2010-10-26,1946-1-21
7,wlewis6@squarespace.com,Wanda,Lewis,Mongolia,Havirga,Grasskamp,42,976-(824)953-0566,G6JqUKxZmK,F,2009-1-11,1967-12-4
8,ghunter7@fema.gov,Gregory,Hunter,Poland,Bukowiec,Ludington,87,48-(983)443-5903,nHcSICkRx,M,2012-9-6,1948-4-23
9,lgray8@loc.gov,Linda,Gray,Argentina,Yerba Buena,Ilene,71,54-(255)173-1467,qji7JKTjTUjp,F,2009-10-28,1981-3-26
10,dshaw9@zdnet.com,Doris,Shaw,Portugal,Praia da Vit¢ria,Wayridge,9,351-(352)909-4144,E00X0e,F,2009-4-2,1971-4-7
11,varmstronga@surveymonkey.com,Virginia,Armstrong,Ukraine,Marshintsy,Meadow Valley,43,380-(380)601-2965,n0ZxtZwk8,F,2018-5-6,1984-1-25
12,melliottb@illinois.edu,Marilyn,Elliott,France,Melun,Spaight,96,33-(251)435-7887,tLWv31V5FZk,F,2011-8-9,1954-11-9
13,dbarnesc@telegraph.co.uk,Douglas,Barnes,Mexico,Miguel Hidalgo,Vidon,73,52-(750)331-8666,PPxdElSzD,M,2018-1-11,1999-7-1
14,ewatsond@phpbb.com,Ernest,Watson,China,Qiaotou,Homewood,16,86-(160)862-5833,pkiTjEfX,M,2003-6-25,1939-12-7
15,pwatsone@desdev.cn,Paul,Watson,Guatemala,San Pedro Sacatep?quez,Mendota,46,502-(134)934-5646,lj0VUOSUA,M,2011-12-9,1997-7-29
16,wpiercef@indiatimes.com,Wayne,Pierce,Philippines,Odiong,Reinke,16,63-(163)868-3432,9cXw79uj,M,2018-4-1,1927-5-24
17,jwashingtong@google.it,James,Washington,Israel,Kfar NaOranim,Dexter,51,972-(289)920-6289,TvoNvF7I,M,2007-5-14,1954-10-19
18,jbanksh@sogou.com,Joshua,Banks,Thailand,Cho-airong,Miller,18,66-(976)716-8372,Sx0sQYl,M,2009-2-15,1945-2-2
19,hlanei@unesco.org,Helen,Lane,Peru,Zapatero,Merchant,56,51-(261)819-8352,UaL8cYp,F,2007-7-13,1960-6-25
20,fmedinaj@dyndns.org,Frances,Medina,China,Taiyanghe,Rigney,95,86-(178)546-2780,HeGb5WsTK3WC,F,2002-8-25,1988-5-28
21,mfoxk@eepurl.com,Martin,Fox,Vietnam,Th? Tr?n Tam S?n,Graedel,64,84-(816)387-2581,6RFyZlIvfn,M,2003-5-11,1976-8-30
22,cwilsonl@businessweek.com,Carol,Wilson,Portugal,Nordeste,Del Sol,8,351-(281)122-1877,1lwuHRbZ,F,2016-3-16,1930-1-8
23,cclarkm@geocities.com,Cynthia,Clark,Portugal,Manhete,Sutteridge,73,351-(758)295-9704,IIhl3A3sk,F,2017-8-19,1987-6-4
24,amartinezn@sfgate.com,Alan,Martinez,Brazil,Itaparica,Bowman,37,55-(860)175-6533,EzNSDWuE,M,2006-2-26,1984-8-4
25,shernandezo@simplemachines.org,Sandra,Hernandez,Russia,Tabaga,Dorton,86,7-(323)471-7210,Eei03m,F,2014-6-14,1997-3-13
26,emillerp@simplemachines.org,Eugene,Miller,China,Chengzhong,Kennedy,27,86-(597)709-8227,22Fatz,M,2007-5-11,1952-3-15
27,jknightq@baidu.com,Janet,Knight,Japan,Urayasu,Dahle,68,81-(641)465-1879,Dl5YHT0,F,2008-5-23,1930-10-30
28,creynoldsr@g.co,Clarence,Reynolds,South Korea,Changnyeong,Reinke,36,82-(970)570-5015,ztEqYGn4ErPz,M,2010-6-29,1944-8-21
29,mjamess@netlog.com,Mary,James,China,Chenzhuang,Novick,61,86-(664)216-8945,rWpVwvwrH8,F,2009-11-21,1980-5-19
30,srobertsont@state.gov,Shirley,Robertson,Mongolia,Tsenher,Becker,33,976-(782)176-9276,TicXPuqci6c,F,2013-1-12,1999-11-7
31,pfieldsu@shutterfly.com,Patrick,Fields,China,Chixi,Autumn Leaf,6,86-(339)171-1146,s7ERdB22,M,2017-2-25,1955-7-27
32,mhansonv@netvibes.com,Matthew,Hanson,China,Linglu,Mallory,50,86-(888)657-8940,ABWnU6,M,2004-5-10,1941-4-21
33,koliverw@about.me,Kathy,Oliver,China,Danan,Scoville,13,86-(289)106-4804,1qiZa4DnkPJ,F,2004-12-31,1928-1-14
34,wrossx@bizjournals.com,Wanda,Ross,Greece,Antim cheia,Vernon,67,30-(361)575-6378,pAZflAHZ,F,2004-8-30,1936-2-13
35,hmartinezy@edublogs.org,Heather,Martinez,Indonesia,Karawatung,Nobel,91,62-(400)908-2893,EUDQwNvb,F,2006-2-13,1966-10-8
36,sstewartz@nytimes.com,Stephen,Stewart,Chad,Goz B??da,Morning,98,235-(948)432-7329,ckR1vF,M,2014-9-13,1957-7-21
37,jstephens10@tinypic.com,Jeffrey,Stephens,Peru,Cachimayo,Haas,65,51-(248)474-5558,biHtXPW7oDDr,M,2006-8-26,1925-6-17
38,sberry11@ed.gov,Susan,Berry,Russia,Gornorechenskiy,Red Cloud,44,7-(833)203-7032,4QOb07sps90,F,2005-8-23,1956-5-11
39,jmoore12@dot.gov,Justin,Moore,Canada,Middleton,Bunker Hill,57,1-(601)953-3203,Cl2z7gMz,M,2004-5-2,1972-5-8
40,jhenry13@nih.gov,Julia,Henry,Poland,Wierzchowo,Main,87,48-(351)672-3089,0CW0SNlwR,F,2004-3-7,1960-3-30
41,tlittle14@unesco.org,Terry,Little,Portugal,Portela,Waubesa,1,351-(578)846-9656,dpCYQVbrQe,M,2010-7-28,1963-9-14
42,jhenry15@google.com.br,Jeremy,Henry,Democratic Republic of the Congo,Lodja,Fremont,70,242-(795)133-1922,1g614Qn5Fry,M,2006-4-24,1957-2-2
43,dkennedy16@wired.com,Douglas,Kennedy,China,Nanjie,Jackson,28,86-(845)428-3947,cqplqP38U,M,2012-12-5,1950-10-12
44,jandrews17@illinois.edu,Joyce,Andrews,Brazil,Abaetetuba,Oakridge,3,55-(180)676-3536,HorvxITrzhZr,F,2013-1-4,1994-5-3
45,lreed18@dmoz.org,Lawrence,Reed,Guatemala,Almolonga,Rockefeller,64,502-(770)785-0131,OALv7pdYC,M,2007-3-20,1980-10-5
46,pwoods19@unicef.org,Phyllis,Woods,Morocco,Za?o,Pennsylvania,48,212-(975)904-0254,29XUIQy3H,F,2012-1-19,1941-9-5
47,rhawkins1a@vimeo.com,Rachel,Hawkins,Thailand,Si That,Lunder,43,66-(958)569-4187,HUavR6,F,2018-3-18,1981-4-2
48,sfernandez1b@goo.ne.jp,Shawn,Fernandez,Argentina,Basail,Harbort,19,54-(763)319-5664,dIPAWgOzi,M,2017-3-21,1987-9-11
49,rchavez1c@instagram.com,Russell,Chavez,United States,Houston,Spenser,49,1-(713)503-0093,nt29qMA,M,2010-9-26,1933-8-4
50,jyoung1d@e-recht24.de,Joan,Young,United States,Washington,Park Meadow,29,1-(202)840-7188,zVzluJcN,F,2017-2-12,1997-4-18
51,abowman1e@macromedia.com,Ashley,Bowman,Indonesia,Puteran Kidul,Oriole,43,62-(469)191-5268,3xROHw,F,2007-6-4,1989-4-2
52,blarson1f@cdbaby.com,Bruce,Larson,Yemen,Bi?r ??t,Atwood,83,967-(620)100-2857,agvps84,M,2005-6-1,1930-6-4
53,mrichards1g@epa.gov,Michael,Richards,Czech Republic,Bo?ovice,Alpine,92,420-(710)498-8292,GjaVLJcFqHM,M,2007-2-27,1958-6-28
54,kgarcia1h@ca.gov,Kelly,Garcia,China,Xiahong,Grover,26,86-(997)228-5834,pWAlMzSNzjGw,F,2014-5-23,1985-6-17
55,ccrawford1i@purevolume.com,Charles,Crawford,Norway,Kristiansand S,Russell,14,47-(166)186-8689,OA1hbAMrn,M,2015-1-31,1946-4-21
56,mjordan1j@ning.com,Maria,Jordan,Thailand,Ban Mo,Declaration,65,66-(208)205-6437,jkbZ7j3D,F,2008-3-7,1952-8-16
57,pgordon1k@theglobeandmail.com,Phillip,Gordon,China,Ebu,Paget,54,86-(305)668-8961,W9bgGXm,M,2011-5-29,1986-3-12
58,wramirez1l@cdc.gov,Wanda,Ramirez,France,La Rochelle,Loomis,46,33-(932)443-5993,GjafMrGU6na,F,2004-5-24,1936-1-7
59,jfernandez1m@eventbrite.com,Jeremy,Fernandez,China,Anningqu,1st,38,86-(357)547-8304,NZI388HBprs,M,2004-5-8,1963-8-23
60,jmontgomery1n@hao123.com,Joe,Montgomery,China,Liren,Welch,62,86-(466)330-9914,McOJFZt7T,M,2004-10-5,1991-12-18
61,ganderson1o@w3.org,George,Anderson,Russia,Gornyak,Tennyson,63,7-(687)670-0669,76QiOZ,M,2011-12-14,1933-6-4
62,lblack1p@networksolutions.com,Laura,Black,Argentina,Hermoso Campo,Gerald,5,54-(743)657-3545,0V39itE,F,2012-7-15,1963-11-12
63,cbennett1q@latimes.com,Clarence,Bennett,Peru,Cajabamba,Service,5,51-(760)682-8593,AhEiu4O,M,2012-11-26,1937-10-31
64,rcooper1r@blogspot.com,Raymond,Cooper,Portugal,Duas Igrejas,Farwell,47,351-(132)991-5044,HIbuY6,M,2004-3-11,1954-10-31
65,trichards1s@discovery.com,Teresa,Richards,Samoa,Safotulafai,Walton,28,685-(865)876-2726,QtHBGuvutqe,F,2018-1-10,1929-11-20
66,saustin1t@devhub.com,Sara,Austin,Tanzania,Dongobesh,Center,8,255-(995)713-7911,qdBpId2j3V,F,2003-2-4,1991-5-28
67,bberry1u@xing.com,Benjamin,Berry,Indonesia,Soko,Nancy,78,62-(814)130-6107,4boSTNZ,M,2014-3-10,1951-11-20
68,bjackson1v@multiply.com,Bobby,Jackson,Canada,Macklin,Hermina,41,1-(489)442-6563,HfJPOcM,M,2008-12-26,1986-9-8
69,lelliott1w@fastcompany.com,Lillian,Elliott,Colombia,Santa Marta,Morningstar,86,57-(959)490-7211,WopI4tygUQxv,F,2003-4-21,1940-5-8
70,kmills1x@hexun.com,Katherine,Mills,Indonesia,Bolou,Susan,80,62-(383)438-9714,JJX2PS4eAci,F,2003-7-17,1965-9-21
71,jhowell1y@cbsnews.com,Joseph,Howell,Malaysia,Kangar,Browning,97,60-(946)177-0036,luOSrSaeQ,M,2006-2-27,1929-5-1
72,ppatterson1z@discuz.net,Paul,Patterson,Peru,Yanaoca,Ridgeview,92,51-(631)901-6676,UcqEIv2qU,M,2008-11-28,1968-10-15
73,cford20@wp.com,Clarence,Ford,Nigeria,Illushi,Ohio,44,234-(788)255-4077,0L8ORc46q7YT,M,2009-8-28,1973-1-4
74,lgilbert21@posterous.com,Laura,Gilbert,China,Gensi,Trailsway,44,86-(842)759-0700,gxV0NXCJ3B,F,2013-12-17,1939-1-31
75,jrichardson22@wikimedia.org,Jose,Richardson,Indonesia,Ciherang,Morning,3,62-(528)248-1099,AAiwdUetcJ,M,2012-4-7,1958-12-31
76,calexander23@nsw.gov.au,Carl,Alexander,Ireland,Ferbane,Pine View,72,353-(325)433-2651,v7pFme25t,M,2015-5-13,1991-8-24
77,hellis24@jalbum.net,Heather,Ellis,Philippines,Talisay,Cambridge,46,63-(205)303-2782,3fRdtW1,F,2015-7-9,1996-3-19
78,mspencer25@storify.com,Marilyn,Spencer,Sweden,M?nster?s,Nobel,15,46-(675)603-2156,yYeedb2,F,2012-3-17,1963-12-28
79,bcarpenter26@diigo.com,Brian,Carpenter,Democratic Republic of the Congo,Gandajika,Namekagon,95,242-(731)578-8819,wtDI834lE,M,2012-11-30,1964-3-2
80,escott27@hexun.com,Evelyn,Scott,Russia,Sredniy,Dapin,43,7-(129)290-8021,ZEIckucidZ,F,2015-1-20,1986-10-22
81,jrichards28@nih.gov,Joyce,Richards,New Zealand,Kingston,Pawling,47,64-(233)732-4817,Wbuqtu,F,2003-4-30,1967-8-14
82,rmiller29@mac.com,Ruth,Miller,Honduras,Potrerillos,North,49,504-(356)410-6948,lWJqBMFBmUDM,F,2004-8-31,1939-7-27
83,dfuller2a@hostgator.com,Dorothy,Fuller,China,Sucun,Hagan,53,86-(439)395-3503,w5V2pD6n,F,2007-9-30,1951-10-24
84,jhowell2b@hibu.com,Jason,Howell,Czech Republic,Francova Lhota,Forest,56,420-(156)357-7542,k2sU88zJR,M,2007-7-13,1945-7-16
85,sjenkins2c@parallels.com,Scott,Jenkins,France,Croissy-sur-Seine,Buena Vista,97,33-(704)581-4248,RaKyV9eWj5mq,M,2017-8-25,1954-2-25
86,fmartin2d@google.ru,Fred,Martin,Indonesia,Tukbur,Sherman,56,62-(859)135-9390,VDqMGZvF,M,2016-3-13,1926-5-9
87,cfrazier2e@ameblo.jp,Cynthia,Frazier,Kazakhstan,Shash?bay,John Wall,35,7-(473)349-4959,FeQk3shZqo1t,F,2006-10-22,1951-11-5
88,jjohnson2f@apple.com,Joe,Johnson,Brazil,Palmas de Monte Alto,Browning,65,55-(258)417-5709,cTLqEg2B,M,2012-3-12,1987-5-6
89,rwagner2g@comcast.net,Randy,Wagner,China,Yongfeng,Killdeer,38,86-(556)399-2667,jMC09Vi,M,2006-3-30,1968-2-17
90,twilliams2h@photobucket.com,Terry,Williams,Latvia,Ik??ile,Arrowood,45,371-(846)268-8972,p73SHe3qFdic,M,2014-12-23,1932-9-2
91,jcole2i@nhs.uk,Jane,Cole,China,Luwu,Monument,27,86-(928)984-3674,zf5nAzL,F,2006-6-18,1945-10-3
92,bcampbell2j@theatlantic.com,Brian,Campbell,Finland,Harjavalta,Calypso,94,358-(167)814-7863,wnej7Z,M,2012-1-9,1995-11-19
93,dcarpenter2k@addthis.com,David,Carpenter,Libya,H?n,Fulton,63,218-(232)299-6368,EP6wUY0L,M,2006-2-6,1954-5-27
94,wsims2l@gmpg.org,Walter,Sims,China,Shaxi,Crescent Oaks,65,86-(123)859-6383,J4D63I,M,2015-10-4,1942-9-14
95,alopez2m@weebly.com,Amy,Lopez,Indonesia,Puyung,Sugar,33,62-(176)111-8623,CQsgiRH,F,2017-8-5,1978-9-19
96,bknight2n@fda.gov,Bobby,Knight,Norway,Oslo,Pepper Wood,27,47-(291)242-0501,3JA0suaO5,M,2012-6-9,1989-2-13
97,chunter2o@princeton.edu,Carolyn,Hunter,Czech Republic,K?i?anov,Colorado,80,420-(908)587-8166,i1hOv7Uby,F,2015-10-10,1965-12-31
98,awest2p@hatena.ne.jp,Alan,West,Ukraine,Popil'nya,Golf Course,63,380-(489)740-1824,CSiVvlj,M,2014-3-7,1926-10-6
99,eholmes2q@ft.com,Ernest,Holmes,Namibia,Gobabis,Manufacturers,14,264-(495)286-8119,UCz4zX7lDF,M,2017-12-6,1978-7-9
100,mreid2r@bandcamp.com,Margaret,Reid,Indonesia,Nguken,2nd,51,62-(683)535-2760,wYExlp,F,2012-6-13,1988-1-29
101,dgraham2s@reuters.com,Donald,Graham,Germany,Freiburg im Breisgau,Pierstorff,64,49-(177)628-3177,qJTAWxR1dpf,M,2002-11-11,1981-2-20
102,eberry2t@mozilla.org,Elizabeth,Berry,Thailand,Nakhon Luang,Carioca,18,66-(413)102-8278,mFOYA5lC1,F,2015-11-18,1999-8-11
103,karmstrong2u@chicagotribune.com,Kenneth,Armstrong,Japan,Kameyama,Erie,97,81-(653)266-8135,WKdYn49q,M,2018-2-1,1975-8-29
104,abaker2v@discovery.com,Ann,Baker,China,Zhongguan,Sauthoff,35,86-(514)271-2817,8pHKLEw0LlLA,F,2010-11-26,1949-12-3
105,jmontgomery2w@samsung.com,Johnny,Montgomery,Brazil,Guararapes,Michigan,24,55-(377)115-9125,x5VHGX,M,2008-8-3,1969-1-28
106,cnichols2x@home.pl,Cynthia,Nichols,Georgia,Sagarejo,Kennedy,76,995-(368)242-9983,BuUhqZ7S8ZrN,F,2011-11-30,1990-2-27
107,ahenderson2y@accuweather.com,Adam,Henderson,Vietnam,??c Phong,Mitchell,55,84-(230)166-6336,9wd0QfaTzs,M,2008-10-5,1972-12-27
108,mcooper2z@mapquest.com,Mildred,Cooper,Brazil,Graja£,Luster,57,55-(445)789-9949,1ayDZB1c,F,2016-4-28,1958-8-22
109,dmorales30@shareasale.com,Douglas,Morales,Indonesia,Bagu,Forster,57,62-(213)163-3886,9r2grNhaNmag,M,2007-6-2,1950-7-30
110,jmarshall31@java.com,Johnny,Marshall,Spain,"Palmas De Gran Canaria, Las",Hauk,63,34-(676)751-2707,FqXWTU,M,2010-7-13,1945-4-7
111,hyoung32@mysql.com,Heather,Young,Czech Republic,Nov? Hrozenkov,Randy,20,420-(870)976-5441,rn2gqHAtKgwM,F,2013-1-19,1984-6-14
112,eroberts33@google.de,Emily,Roberts,Poland,Podd?bice,Swallow,95,48-(296)367-7249,iGR1IDK6FxBc,F,2005-10-17,1969-7-4
113,snelson34@merriam-webster.com,Samuel,Nelson,Bolivia,Samaipata,Grim,52,591-(174)557-3037,Nyf2sC,M,2015-9-13,1980-10-14
114,scarroll35@istockphoto.com,Stephanie,Carroll,Palestinian Territory,J?r?sh,Dorton,24,970-(680)102-6001,ttgiSC,F,2017-9-8,1948-1-27
115,aolson36@google.cn,Anne,Olson,Indonesia,Kalapanunggal,Vidon,86,62-(605)680-6115,RfrDkhL,F,2012-11-21,1943-8-19
116,ccarr37@epa.gov,Carol,Carr,Laos,That?ng,Orin,41,856-(524)995-9731,riuOuIn3LPK2,F,2007-7-19,1998-4-1
117,jcarroll38@vimeo.com,Joan,Carroll,Belarus,Horad Rechytsa,Oneill,75,375-(352)638-7303,IEx20pjUxpDz,F,2012-1-14,1995-1-13
118,bwilliams39@disqus.com,Bonnie,Williams,Portugal,Aveleda,Charing Cross,25,351-(492)760-5116,LQMkaiRBD,F,2008-9-3,1965-5-19
119,ctaylor3a@jiathis.com,Clarence,Taylor,Iran,Mah?b?d,Scoville,54,98-(616)522-8847,cH40jsYZRa,M,2017-4-9,1989-7-4
120,chughes3b@toplist.cz,Charles,Hughes,Lithuania,Pasvalys,Portage,72,370-(817)590-3494,CVOxQM1q6zK,M,2004-1-7,1952-3-6
121,jgomez3c@skype.com,Janet,Gomez,Colombia,Popay n,Jenifer,47,57-(771)847-6587,CC3QJS4,F,2003-8-13,1959-7-20
122,ajackson3d@cnn.com,Andrew,Jackson,Poland,Uherce Mineralne,Marquette,57,48-(945)817-9082,pScCBS7OsEK,M,2014-12-12,1974-7-22
123,rroberts3e@umn.edu,Rachel,Roberts,Philippines,San Isidro,Jana,12,63-(738)985-3983,CkaZSlKbER,F,2018-3-12,1961-12-28
124,rclark3f@yellowbook.com,Ralph,Clark,Zimbabwe,Lupane,Redwing,34,263-(451)994-7414,0UQJ3y,M,2004-6-18,1951-3-4
125,moliver3g@diigo.com,Matthew,Oliver,Portugal,Ereira,Quincy,25,351-(319)174-1413,KCZkV6T3,M,2013-6-3,1946-9-7
126,pkelley3h@noaa.gov,Pamela,Kelley,Russia,Zimovniki,Mayfield,53,7-(884)486-6027,qNtfrnZ,F,2005-2-19,1998-5-3
127,rgraham3i@springer.com,Ralph,Graham,China,Yingchuan,Welch,36,86-(788)181-4405,PmRcc8Bup,M,2006-9-22,1962-12-19
128,twatkins3j@economist.com,Todd,Watkins,Indonesia,Ngeru,Haas,91,62-(105)683-3391,YmEyHLbHT,M,2007-8-30,1945-2-15
129,dmorrison3k@amazon.co.jp,Doris,Morrison,China,Changdai,Gerald,58,86-(706)701-9856,DGpsDWT,F,2007-1-25,1983-12-3
130,asimmons3l@blogspot.com,Angela,Simmons,Ukraine,Blahodatne,Morningstar,39,380-(492)422-4150,T1wRTuEp,F,2013-1-22,1960-11-27
131,gnichols3m@aboutads.info,Gloria,Nichols,Indonesia,Srono,Mandrake,73,62-(911)631-6026,kPym5pFiT,F,2017-3-3,1942-7-12
132,jlane3n@blogs.com,Julie,Lane,Indonesia,Bandung,Moulton,12,62-(637)456-6530,I1cjOQQg,F,2014-1-19,1997-12-22
133,brobertson3o@cnbc.com,Bonnie,Robertson,Greece,Rodol¡vos,Continental,88,30-(657)618-9183,gBzlbLIeM08,F,2010-6-9,1960-5-19
134,rriley3p@apple.com,Roger,Riley,Sweden,V?xj?,Cambridge,57,46-(702)558-3408,BIIFRCVow0k,M,2015-10-14,1940-5-5
135,scox3q@businessinsider.com,Sean,Cox,China,Yanglong,Parkside,22,86-(698)717-4444,9qCbQaCYIxic,M,2017-10-25,1952-8-23
136,wlopez3r@tripadvisor.com,Walter,Lopez,Pakistan,Kambar,Lakewood,60,92-(225)543-6104,kQmekjOt,M,2010-11-7,1943-3-17
137,aowens3s@goodreads.com,Aaron,Owens,Indonesia,Lowayu,Hudson,19,62-(130)619-5638,nTKTI8Dlt2,M,2008-7-4,1990-8-9
138,arichards3t@acquirethisname.com,Ann,Richards,Russia,Severka,Towne,3,7-(935)500-6265,TSMRLlO,F,2015-7-5,1989-4-18
139,soliver3u@amazon.de,Scott,Oliver,China,Huangdao,Rusk,74,86-(486)340-6309,DJdeWdol,M,2003-11-23,1979-11-23
140,rhill3v@paginegialle.it,Randy,Hill,Philippines,Cardona,Johnson,28,63-(525)781-0629,sZzH2a6TLSu,M,2017-5-15,1970-10-15
141,sromero3w@loc.gov,Sandra,Romero,China,Haoba,Cambridge,28,86-(851)435-7664,0dr4npR,F,2006-12-20,1942-4-14
142,lturner3x@vkontakte.ru,Lori,Turner,Colombia,Santa Marta,Dexter,53,57-(594)756-4350,RoaGpMkXM,F,2014-4-25,1990-2-18
143,sanderson3y@com.com,Samuel,Anderson,Indonesia,Cigadog,Buena Vista,15,62-(872)209-1427,p5o3gOAKm,M,2016-8-21,1954-6-18
144,tross3z@lulu.com,Todd,Ross,Indonesia,Karanglo,Gina,12,62-(779)952-5623,L4aFPbVG,M,2008-7-27,1989-12-10
145,bevans40@jimdo.com,Barbara,Evans,Philippines,Bagong Sikat,Crowley,53,63-(291)317-7112,U4VUXj,F,2005-7-16,1993-12-21
146,price41@goo.ne.jp,Paula,Rice,Indonesia,Krajan Nglinggis,Havey,29,62-(874)792-2736,naZYeRBR0,F,2004-12-24,1993-6-19
147,pspencer42@google.ru,Paula,Spencer,China,Zuocun,Hoepker,84,86-(909)318-7973,v9u0dyu3,F,2012-12-1,1998-10-14
148,dwebb43@so-net.ne.jp,Donald,Webb,Poland,Duszniki-Zdr¢j,1st,27,48-(899)746-2710,6nSST1iKd4j,M,2008-5-30,1933-1-13
149,lmoreno44@ifeng.com,Louise,Moreno,China,Longjie,Schlimgen,28,86-(217)678-0145,xNtXbj,F,2016-5-24,1925-2-12
150,mknight45@tinypic.com,Marie,Knight,China,Litian,Erie,59,86-(605)977-6461,UtyqXPNt,F,2004-1-22,1969-8-26
151,jcollins46@columbia.edu,Judy,Collins,Peru,Oropesa,Dapin,27,51-(124)566-6423,0dk8SJu,F,2015-11-27,1968-4-10
152,kburton47@pen.io,Kelly,Burton,Mongolia,Tsenher,Parkside,57,976-(316)717-1270,6jWMW5R,F,2016-11-21,1987-12-16
153,kpalmer48@surveymonkey.com,Kelly,Palmer,Indonesia,Bodeh,Stephen,13,62-(714)682-1412,oZpCmUN0ia,F,2015-9-24,1925-5-26
154,kgarrett49@intel.com,Kenneth,Garrett,Dominican Republic,Bella Vista,Bunting,96,1-(111)586-5719,nLv6wssil,M,2015-5-17,1975-9-24
155,nvasquez4a@ifeng.com,Nicole,Vasquez,Armenia,Arevik,Portage,51,374-(625)997-8085,gRF3rSBH66,F,2005-7-5,1928-12-18
156,vfox4b@ftc.gov,Victor,Fox,Philippines,Monamon,Bay,47,63-(945)124-7969,BZj8yln1,M,2004-7-13,1951-12-24
157,hford4c@hhs.gov,Helen,Ford,China,Xinhui,Vermont,80,86-(510)867-5022,OeaKiZhO,F,2012-11-26,1997-6-11
158,dlewis4d@studiopress.com,Deborah,Lewis,Russia,Kronshtadt,Marcy,39,7-(207)685-1983,sUsMRx,F,2008-10-21,1992-11-14
159,mruiz4e@disqus.com,Mark,Ruiz,China,Gaoqiao,Vermont,61,86-(707)341-6726,P9Hl8b7n9,M,2007-12-2,1964-9-28
160,tgordon4f@cnn.com,Tammy,Gordon,Sweden,?lvdalen,4th,70,46-(409)389-3665,YmEbuil2xB2W,F,2014-5-5,1999-9-23
161,jgreen4g@admin.ch,Jose,Green,Indonesia,Kotabaru,Karstens,67,62-(578)617-9842,6d72ljm8l,M,2016-7-24,1979-7-6
162,smarshall4h@nature.com,Steven,Marshall,Cuba,Florida,Hermina,84,53-(711)600-4836,PmFlQJc,M,2015-3-11,1986-11-17
163,smontgomery4i@de.vu,Sean,Montgomery,Indonesia,Ledeunu,Debs,3,62-(473)613-4295,bfUWheUc0B,M,2007-10-16,1956-5-24
164,kwatson4j@ustream.tv,Kathryn,Watson,Argentina,Viedma,Fair Oaks,11,54-(950)620-6454,RXUe0Ncgtd6,F,2006-12-8,1992-12-26
165,jlarson4k@miitbeian.gov.cn,Jean,Larson,China,Weicheng,Hovde,20,86-(822)840-4622,9SgzDOSC,F,2017-4-6,1981-11-27
166,jtorres4l@networksolutions.com,Jeffrey,Torres,Portugal,Carvalhal da Aroeira,Blaine,47,351-(776)769-4765,I75P49,M,2006-3-22,1929-6-15
167,jlynch4m@spotify.com,Jesse,Lynch,Portugal,Mourelos,Summit,23,351-(651)391-0333,pP9fY7uw,M,2017-9-3,1932-8-2
168,jharris4n@nationalgeographic.com,John,Harris,Mongolia,Maan?t,Gale,15,976-(873)992-7656,nT6tQB3NMvYK,M,2006-7-12,1964-6-28
169,pmontgomery4o@bluehost.com,Phyllis,Montgomery,Indonesia,Karangpeton,Westport,99,62-(676)127-3648,stTz9U,F,2004-10-10,1938-3-3
170,bramos4p@usda.gov,Barbara,Ramos,Czech Republic,T?e??,Nevada,71,420-(514)255-2087,WKGmCqk5H,F,2003-6-27,1978-6-30
171,rstanley4q@wikia.com,Russell,Stanley,Colombia,Aquitania,Old Gate,66,57-(667)212-7530,GgXUXgtTgG,M,2003-10-12,1969-5-6
172,ebarnes4r@imageshack.us,Edward,Barnes,China,Lijie,Melody,72,86-(763)441-1744,fCYfBPjjFh,M,2010-7-10,1944-6-9
173,jwoods4s@privacy.gov.au,Jessica,Woods,Democratic Republic of the Congo,Kipushi,Oxford,96,242-(971)144-3485,Jo3YtSX2q,F,2013-1-7,1952-1-15
174,ebowman4t@msn.com,Edward,Bowman,Indonesia,Demuk,Elmside,72,62-(172)538-6173,mlWb423kISIN,M,2012-12-31,1948-9-13
175,bcook4u@constantcontact.com,Brandon,Cook,Indonesia,Ngeni,Miller,70,62-(504)573-3290,vK15zV97CT,M,2005-4-20,1944-4-13
176,gwatkins4v@yahoo.com,Gary,Watkins,Sweden,Herrljunga,Bluestem,58,46-(207)249-8183,MK5oxe,M,2003-3-15,1974-3-12
177,goliver4w@narod.ru,Gerald,Oliver,China,Shuozhou,Pepper Wood,32,86-(272)351-3750,5IM21Nh1gTTH,M,2012-4-4,1940-8-11
178,kcarpenter4x@economist.com,Kelly,Carpenter,Colombia,Medell¡n,Prairie Rose,41,57-(538)383-2410,bitLWbxA,F,2013-6-8,1995-6-23
179,talvarez4y@java.com,Timothy,Alvarez,Indonesia,Adirejo,Fulton,57,62-(226)217-0483,5eE2Qzi,M,2002-11-1,1978-7-1
180,afields4z@google.ca,Adam,Fields,China,Huangmao,Mayer,14,86-(279)260-6281,TDIblv,M,2004-11-27,1998-10-30
181,bwilliams50@myspace.com,Brian,Williams,Guatemala,Patzic¡a,Hermina,12,502-(567)814-5739,u2g738pwn2wD,M,2008-7-30,1974-12-18
182,aedwards51@chronoengine.com,Andrea,Edwards,Cyprus,T la,Drewry,49,357-(833)972-4643,bm1cq5ppgD,F,2012-7-25,1967-1-17
183,bday52@spotify.com,Benjamin,Day,Peru,Nepe¤a,Mifflin,62,51-(935)470-0061,UJsD189J5,M,2005-9-10,1939-3-1
184,mcarter53@dailymotion.com,Michael,Carter,Guatemala,Palencia,Rigney,70,502-(822)411-9088,JeNA51KVXA8,M,2002-8-6,1925-7-19
185,rnguyen54@multiply.com,Robin,Nguyen,Bulgaria,Burgas,Westerfield,87,359-(750)199-1139,kC6n6acXD,F,2014-4-10,1999-7-30
186,wreed55@bing.com,Wayne,Reed,United States,Delray Beach,Pepper Wood,78,1-(561)356-2742,XY3Xbyc,M,2010-8-14,1985-5-9
187,dharper56@list-manage.com,Diane,Harper,Gambia,Daru Rilwan,Twin Pines,97,220-(718)718-1510,r26yOCvhdpJJ,F,2010-10-18,1979-2-14
188,dsimpson57@is.gd,Deborah,Simpson,El Salvador,San Antonio del Monte,Clyde Gallagher,2,503-(472)645-1968,wBaMtP3LD,F,2008-5-24,1946-6-29
189,mlopez58@netvibes.com,Mark,Lopez,South Africa,Barberton,Longview,53,27-(890)745-7032,0uZ9vf4Zb,M,2017-11-9,1950-9-27
190,skennedy59@vk.com,Sandra,Kennedy,Poland,Polanka Wielka,Katie,91,48-(991)966-3626,WabbMOtw,F,2014-4-30,1950-12-28
191,jspencer5a@wp.com,Janet,Spencer,Thailand,Chum Phuang,Loomis,2,66-(947)507-0859,e5uRaz,F,2004-2-1,1986-1-22
192,aromero5b@jiathis.com,Alan,Romero,Dominican Republic,El Puerto,Bellgrove,80,1-(239)801-8157,A7eCDQwo4VYs,M,2009-12-27,1988-11-15
193,dflores5c@over-blog.com,Debra,Flores,China,Nankai,Bluejay,42,86-(791)710-0429,nkCkXDm,F,2005-3-20,1982-1-8
194,gdunn5d@gmpg.org,George,Dunn,Namibia,Eenhana,Eagan,70,264-(420)204-5968,i0ZsAQNs93D,M,2008-9-23,1949-2-23
195,hkelly5e@reddit.com,Henry,Kelly,Nigeria,Shanga,Lakewood Gardens,100,234-(133)886-6507,gYCo1NBnHT,M,2015-1-27,1995-3-14
196,bkennedy5f@discovery.com,Bobby,Kennedy,Croatia,Lopar,Linden,85,385-(600)353-3257,f9XySa,M,2008-8-12,1960-7-12
197,wmartinez5g@issuu.com,Willie,Martinez,Kazakhstan,Karagandy,Glacier Hill,15,7-(941)601-0605,rlUHAlYhtor7,M,2011-12-26,1933-2-19
198,bschmidt5h@jiathis.com,Brandon,Schmidt,United States,San Diego,Shelley,84,1-(619)657-2083,lBkSAtp,M,2018-5-29,1963-6-25
199,whunter5i@boston.com,William,Hunter,China,Yuanzhou,Stang,88,86-(788)872-4136,yDMqUtpKhv,M,2009-5-27,1937-4-18
200,rwashington5j@seattletimes.com,Ronald,Washington,France,Poitiers,Hayes,95,33-(755)672-4400,XuBh0Gyh8CI,M,2014-6-21,1996-12-16
201,kharper5k@hubpages.com,Kenneth,Harper,Russia,Buzuluk,Forest,35,7-(703)627-4946,lrAwfy9rB,M,2003-6-30,1956-12-17
202,clee5l@odnoklassniki.ru,Cynthia,Lee,France,Nantes,Shopko,79,33-(661)791-3545,5BxQmN4,F,2014-4-12,1956-10-18
203,hhowell5m@webmd.com,Helen,Howell,Czech Republic,Zaje?¡,Texas,79,420-(702)165-6426,85ZNBR,F,2008-10-2,1965-9-19
204,ajordan5n@hexun.com,Amy,Jordan,Philippines,Magatos,Little Fleur,60,63-(720)251-9130,oKqbuyZ,F,2015-8-5,1958-6-28
205,hmurray5o@mediafire.com,Heather,Murray,Netherlands,Winschoten,Bay,12,31-(220)359-3158,L4PdQYBqr8,F,2004-1-27,1945-10-29
206,rross5p@printfriendly.com,Richard,Ross,Norway,Trondheim,Bonner,96,47-(982)413-8385,0mi504k4LCIY,M,2003-10-6,1938-3-18
207,dmyers5q@chronoengine.com,Debra,Myers,Russia,Tunoshna,Comanche,16,7-(497)240-2232,pSKEo4qo,F,2016-8-4,1995-9-11
208,aanderson5r@wikipedia.org,Antonio,Anderson,China,Datangzhuang,Oneill,45,86-(860)347-5411,ZHxda8yVayK5,M,2018-3-27,1996-4-2
209,esimpson5s@g.co,Emily,Simpson,China,Mahong,Emmet,98,86-(728)700-7648,9lbeJnjE2,F,2004-12-15,1931-11-9
210,vfrazier5t@shinystat.com,Virginia,Frazier,China,Chang?an,Hayes,65,86-(135)615-1463,FW0jDQ,F,2013-3-13,1967-11-21
211,cpatterson5u@businessinsider.com,Clarence,Patterson,Mongolia,Uliastay,Anhalt,99,976-(223)233-9764,oESQmQMl3gD,M,2007-6-19,1953-3-17
212,ebryant5v@bing.com,Ernest,Bryant,China,Wangtuan,Oxford,63,86-(966)758-1603,D6wPvM,M,2007-7-18,1941-4-18
213,ggray5w@senate.gov,Gregory,Gray,Peru,Caballococha,Kennedy,21,51-(950)684-2336,C7ARJjrg,M,2005-6-1,1991-3-24
214,dmorris5x@over-blog.com,Diane,Morris,Brazil,Fernando de Noronha (Distrito Estadual),Talmadge,36,55-(823)615-3144,4bntbAyzobA,F,2018-3-17,1998-7-9
215,erichards5y@freewebs.com,Emily,Richards,Russia,Khatanga,Gale,90,7-(922)678-5850,GsAerbrr7,F,2017-9-26,1960-7-16
216,mpatterson5z@ebay.co.uk,Marie,Patterson,United States,Inglewood,Del Mar,70,1-(310)427-8105,ikQOQx9uw83,F,2018-3-29,1975-7-24
217,lryan60@hubpages.com,Linda,Ryan,China,Xiayang,Crownhardt,78,86-(825)163-1084,jQfpOXMA5cr9,F,2013-11-13,1937-11-14
218,kpalmer61@unicef.org,Kathy,Palmer,China,Shima,Anniversary,2,86-(588)841-6181,Xnfn1HRx,F,2009-9-21,1988-3-18
219,swilliams62@artisteer.com,Stephen,Williams,Indonesia,Asamboka,Wayridge,61,62-(435)584-6653,vrCvCZRL2g,M,2006-12-4,1936-4-19
220,dalexander63@netscape.com,Denise,Alexander,Vietnam,Ch? L?u,New Castle,54,84-(343)847-4036,ix7JSRx,F,2011-2-22,1992-12-14
221,bmyers64@gnu.org,Beverly,Myers,China,Guangdu,Eastlawn,31,86-(553)832-3602,hacoe8ZiqR,F,2011-12-18,1942-9-14
222,smorgan65@zimbio.com,Sara,Morgan,Bulgaria,Belene,Miller,30,359-(587)484-7945,a0ZHolH,F,2015-4-13,1944-9-19
223,sgray66@wikia.com,Shawn,Gray,Indonesia,Wonorejo Dua,Dapin,73,62-(698)367-0164,p0Os4sbFpL,M,2007-4-30,1929-7-3
224,ajones67@epa.gov,Adam,Jones,Indonesia,Rejoyoso,Clemons,40,62-(463)507-8475,H33MpS2PH,M,2003-3-26,1927-3-27
225,cmatthews68@i2i.jp,Clarence,Matthews,Moldova,B?l?i,Jana,95,373-(737)892-0804,At0Gc8TEzT,M,2015-5-3,1992-3-23
226,dgordon69@feedburner.com,Douglas,Gordon,Burkina Faso,Dori,Summit,69,226-(135)369-5837,FTGpRm700xt,M,2004-3-28,1964-1-31
227,rphillips6a@oracle.com,Robin,Phillips,Belarus,Slawharad,Sherman,18,375-(908)297-3670,t9VpJVcR,F,2017-7-1,1927-3-8
228,bmendoza6b@imgur.com,Bonnie,Mendoza,Indonesia,Polos,Hoepker,41,62-(478)537-4520,OdxIbfzJgl8i,F,2003-7-30,1973-7-11
229,gharper6c@fastcompany.com,Gregory,Harper,China,Jiuxian,Kennedy,54,86-(936)241-7290,LyeNwI0o,M,2018-6-8,1968-12-26
230,sfowler6d@pen.io,Steven,Fowler,China,Weicheng,Jackson,32,86-(511)822-0449,xhqZx6hz,M,2003-7-23,1982-2-13
231,kharrison6e@tiny.cc,Kathleen,Harrison,Japan,?gaki,Schurz,2,81-(664)551-0743,2s5bsvOvf7Q,F,2008-11-17,1925-9-26
232,gallen6f@trellian.com,Gerald,Allen,Poland,Pecna,Kropf,80,48-(774)881-4298,1qJjf1,M,2012-10-15,1930-7-23
233,jprice6g@unblog.fr,Jason,Price,Czech Republic,Libice nad Cidlinou,Southridge,11,420-(827)161-6474,Btzh1M0,M,2010-6-10,1942-1-27
234,jjacobs6h@virginia.edu,John,Jacobs,Indonesia,Bengras,Utah,5,62-(308)786-1347,lHAjUIenEko,M,2013-4-28,1968-3-30
235,dwebb6i@ed.gov,Denise,Webb,Madagascar,Amboanjo,Bluestem,90,261-(967)475-8585,DfkRsa,F,2004-4-28,1958-8-11
236,aharris6j@deliciousdays.com,Aaron,Harris,China,Wujiao,Namekagon,61,86-(223)810-4733,nHkBHWonrs,M,2003-7-28,1953-5-14
237,dalexander6k@umich.edu,Donald,Alexander,China,Baolong,Dahle,86,86-(799)350-8123,pJKQcw,M,2014-11-8,1978-4-14
238,bgonzalez6l@yellowpages.com,Bonnie,Gonzalez,Pakistan,Rustam jo Goth,Hollow Ridge,73,92-(717)488-8866,No20sw,F,2013-4-9,1961-11-28
239,vhicks6m@weibo.com,Virginia,Hicks,Mongolia,Bayasgalant,Steensland,33,976-(952)535-1366,oGlp8ko3QgGW,F,2011-6-15,1944-2-3
240,jschmidt6n@independent.co.uk,James,Schmidt,China,Shikeng,Homewood,32,86-(698)104-8845,GfwcZ3ki,M,2004-1-28,1971-2-27
241,sjames6o@freewebs.com,Sarah,James,Canada,Omemee,Kings,28,1-(338)970-1853,f0sVxr3,F,2005-11-12,1979-1-9
242,jstephens6p@archive.org,Jeffrey,Stephens,France,Paris 19,Novick,21,33-(780)460-8202,1vpq5Ruf,M,2006-1-20,1971-7-22
243,rking6q@washingtonpost.com,Robert,King,China,Tangzhai,Bultman,26,86-(653)514-0407,OWlccrh,M,2013-12-25,1962-11-22
244,hgibson6r@discovery.com,Howard,Gibson,China,Wangpu,Messerschmidt,83,86-(451)752-4145,KmenW8hc6,M,2014-5-16,1983-10-18
245,plawrence6s@wix.com,Philip,Lawrence,China,Gonghe,Fuller,44,86-(139)260-8850,bTbRlNwLUTTd,M,2012-10-17,1989-4-4
246,spatterson6t@barnesandnoble.com,Scott,Patterson,Serbia,Kru?evac,Oak Valley,56,381-(237)373-9044,59Zx3Lr,M,2009-11-5,1984-4-30
247,swheeler6u@istockphoto.com,Sara,Wheeler,China,Guodu,Birchwood,79,86-(841)338-0985,gqNykbIZ1SG,F,2011-7-27,1992-7-3
248,jkelly6v@is.gd,Jesse,Kelly,Myanmar,Taungoo,Caliangt,43,95-(815)611-3822,1latvYrKcZR,M,2012-12-14,1926-11-11
249,espencer6w@tamu.edu,Eric,Spencer,Indonesia,Lewotukan,Miller,49,62-(502)345-1386,1oeVZb1oU9,M,2010-3-7,1951-6-23
250,showell6x@nydailynews.com,Shirley,Howell,China,Beijiang,Eagle Crest,87,86-(975)869-0992,O3bzbdXB,F,2010-2-6,1973-1-23
251,kbanks6y@slideshare.net,Kelly,Banks,Pakistan,Kam?lia,Merrick,60,92-(534)763-7684,opWc8evO,F,2005-12-2,1989-9-27
252,kcunningham6z@icio.us,Kathryn,Cunningham,Indonesia,Kawengan,Graceland,6,62-(739)520-7371,VMrjNkhS,F,2007-10-7,1945-9-23
253,jmoore70@list-manage.com,Juan,Moore,Nigeria,Zalanga,Harbort,26,234-(210)618-5265,NNuOV0FZeEI,M,2011-3-26,1945-2-19
254,jwallace71@spiegel.de,Jane,Wallace,China,Weixin,Bobwhite,72,86-(317)547-8093,PYUWx0p0,F,2014-5-2,1983-11-10
255,lbarnes72@princeton.edu,Lawrence,Barnes,Chile,San Bernardo,Arapahoe,62,56-(434)541-9169,XLlwz2Og,M,2005-9-17,1955-6-7
256,bdunn73@ted.com,Billy,Dunn,South Korea,Eisen,Union,28,82-(432)924-9418,YTEK7JomKN6o,M,2013-8-26,1956-4-24
257,nmurphy74@businessweek.com,Norma,Murphy,Nigeria,Gaya,Thierer,24,234-(877)214-9588,qsxkUio6y,F,2006-2-13,1996-5-13
258,jharvey75@etsy.com,Joyce,Harvey,Mauritius,Grand Bois,Rigney,94,230-(384)207-0721,aZ1sgb5BMet,F,2017-7-9,1946-1-1
259,dholmes76@unc.edu,Deborah,Holmes,Ukraine,Kozova,Huxley,31,380-(591)910-6797,8Amr6MT,F,2008-3-20,1967-9-9
260,ewoods77@squarespace.com,Evelyn,Woods,Peru,Juli,1st,29,51-(556)456-2139,1190FOj5p,F,2013-1-24,1986-9-16
261,aclark78@usda.gov,Andrea,Clark,China,Xiyang,Stang,49,86-(538)720-1782,toQ0yF2Oj1rv,F,2012-6-17,1940-6-24
262,naustin79@craigslist.org,Nancy,Austin,Ukraine,Kuteynykove,2nd,65,380-(813)207-5502,1Rccx5Er,F,2013-11-9,1990-9-10
263,rmorales7a@lulu.com,Rebecca,Morales,Indonesia,Pabuaran,Superior,28,62-(315)704-2954,sGXt0s,F,2013-8-5,1966-12-31
264,tparker7b@techcrunch.com,Theresa,Parker,China,Jiyukou,Pearson,4,86-(498)225-8236,8LV75H,F,2005-3-13,1984-11-14
265,ekelly7c@de.vu,Eric,Kelly,Indonesia,Drien Rampak,Hanover,27,62-(774)468-8560,Ko59K9Uhqxq,M,2016-4-1,1991-2-22
266,dcruz7d@nih.gov,David,Cruz,Mongolia,Telmin Suma,Crest Line,42,976-(935)455-0544,wMjAvyvxl3,M,2011-11-29,1975-9-8
267,ahughes7e@lulu.com,Ann,Hughes,Brazil,Pederneiras,Stoughton,58,55-(526)490-2916,asrLm0SbG8Fn,F,2016-11-18,1979-1-20
268,swest7f@icio.us,Samuel,West,Indonesia,Oibioin,Oak,41,62-(610)494-5828,kMRF1Shekm,M,2008-3-21,1954-1-3
269,bstanley7g@51.la,Beverly,Stanley,Brazil,Rio Bonito,Redwing,24,55-(782)187-1285,wyFxQUQfp7,F,2018-1-12,1974-12-1
270,jking7h@cafepress.com,Jeremy,King,China,Xiashuitou,Sachs,33,86-(234)837-9020,yPie00ya,M,2011-4-17,1979-3-9
271,cjordan7i@cbsnews.com,Cheryl,Jordan,Indonesia,Samangawah,Sloan,49,62-(906)183-2049,Eu3oHR8j,F,2017-10-15,1982-2-21
272,drichards7j@etsy.com,Dennis,Richards,Kazakhstan,Khromtau,Schurz,99,7-(626)485-4138,3yXYUX,M,2003-6-3,1959-4-16
273,ahill7k@devhub.com,Alan,Hill,Indonesia,Timba Timuk,Bunker Hill,37,62-(674)615-3998,mpMBNn,M,2016-5-31,1969-2-20
274,jstephens7l@psu.edu,Joyce,Stephens,Colombia,Arjona,Golf View,47,57-(635)976-2746,q9nZsGf,F,2004-8-1,1960-7-11
275,ehansen7m@behance.net,Evelyn,Hansen,China,Shangyuan,Nobel,43,86-(932)640-4469,0zTb1VPTCaY,F,2013-8-25,1990-7-30
276,jwoods7n@vistaprint.com,Janice,Woods,Colombia,Ceret?,Jay,86,57-(165)339-6092,xDIo7gcvRD,F,2015-6-5,1972-11-4
277,pharris7o@macromedia.com,Philip,Harris,Finland,Valkeakoski,Oak,22,358-(525)112-9796,e7zP1rkF,M,2006-4-15,1939-1-3
278,freyes7p@nydailynews.com,Frank,Reyes,Indonesia,Maguwon,Portage,27,62-(294)369-9430,NFQvJmeuNP,M,2016-1-10,1972-2-25
279,rdixon7q@weebly.com,Rebecca,Dixon,Honduras,Santa Cruz de Yojoa,Farragut,48,504-(992)131-6774,iSiQkNeh,F,2008-6-6,1953-3-2
280,eturner7r@twitpic.com,Earl,Turner,Netherlands,Best,Maywood,61,31-(257)835-6001,ppnB8D,M,2008-9-21,1982-5-22
281,sking7s@timesonline.co.uk,Sandra,King,Nigeria,Katsina-Ala,Lien,30,234-(268)939-5633,zE5yc84F19C,F,2009-11-8,1925-6-25
282,ebarnes7t@psu.edu,Eugene,Barnes,Poland,Opat¢w,Debs,100,48-(453)492-5441,eYhH4pIom,M,2008-8-21,1943-3-22
283,tgilbert7u@jigsy.com,Teresa,Gilbert,Indonesia,Baranusa,Dexter,94,62-(159)289-3337,zKpwGf2wMvL,F,2014-4-22,1971-11-18
284,twillis7v@wiley.com,Todd,Willis,Malaysia,Kota Kinabalu,Huxley,48,60-(398)761-2854,G6umoF,M,2015-3-29,1941-12-3
285,hhamilton7w@alibaba.com,Heather,Hamilton,United States,Stockton,Clyde Gallagher,17,1-(209)857-2113,A3rpBae1j,F,2008-2-5,1992-6-16
286,drichardson7x@bloglovin.com,Diane,Richardson,Tanzania,Kigoma,Butternut,39,255-(241)264-9145,L52TMOhlLl6g,F,2003-10-26,1933-3-21
287,mfisher7y@cisco.com,Martha,Fisher,Colombia,C chira,Bluejay,58,57-(862)751-7846,0x2lfakmE0,F,2011-3-18,1969-4-17
288,jhill7z@mac.com,Jane,Hill,China,Runan,Bartelt,17,86-(278)686-6687,33VyLYn8,F,2009-12-3,1993-1-22
289,nbennett80@earthlink.net,Nicholas,Bennett,Mauritius,Triolet,Portage,62,230-(467)358-2790,DGRJ1BSsX,M,2010-4-18,1976-8-8
290,mmoore81@technorati.com,Michelle,Moore,Russia,Yablonovskiy,Blaine,30,7-(826)864-6073,uqzPy6bbh,F,2009-5-16,1948-1-23
291,fwatson82@independent.co.uk,Frank,Watson,China,Yandang,Russell,58,86-(993)776-9994,5Q2N4Arabf,M,2012-12-16,1970-10-10
292,aellis83@eventbrite.com,Anthony,Ellis,China,Luodian,Pearson,95,86-(163)900-7162,psBF5CLRmsFd,M,2012-7-14,1955-6-3
293,cstanley84@deviantart.com,Cynthia,Stanley,Malaysia,Tawau,Forest Dale,98,60-(689)998-0312,8NHQqLuJc,F,2013-4-19,1982-9-2
294,imorales85@rakuten.co.jp,Irene,Morales,Japan,Shiraoka,Banding,12,81-(189)303-4765,ktlTfMT8Qs,F,2002-11-9,1968-7-12
295,jbailey86@jimdo.com,Juan,Bailey,China,Qiandeng,Division,66,86-(972)575-5242,zTUzLu2,M,2003-8-19,1982-7-21
296,dbrown87@wunderground.com,Denise,Brown,Syria,?ayyibat al Im?m,Scoville,10,963-(319)104-6493,wyHiM9,F,2010-1-7,1966-12-14
297,swatkins88@marketwatch.com,Samuel,Watkins,Serbia,Negotin,Haas,65,381-(323)128-8289,cMWAPL3F6XT,M,2014-8-6,1926-7-6
298,crivera89@last.fm,Chris,Rivera,China,Dongxiao,Springs,15,86-(381)617-2546,C5O4Y23Gg,M,2010-2-6,1965-6-30
299,mrose8a@senate.gov,Matthew,Rose,China,Taoyang,Esker,26,86-(915)905-8823,PotMDQA5oa,M,2004-11-19,1945-12-22
300,vpayne8b@gmpg.org,Victor,Payne,Greece,Xil¢polis,Fremont,97,30-(370)153-4214,ld30GdKP,M,2011-9-24,1984-5-14
301,lpierce8c@homestead.com,Lois,Pierce,France,Rungis,Wayridge,58,33-(939)718-3137,oKJLbE3aY,F,2015-7-20,1966-7-25
302,sreid8d@scribd.com,Sara,Reid,Japan,Tomiya,Bunting,45,81-(421)467-7212,kHQWPa8xyq,F,2007-8-24,1964-11-7
303,mmatthews8e@shareasale.com,Mary,Matthews,Portugal,Aldeia de Juzo,Sheridan,56,351-(192)159-7521,UEIiN6peD,F,2013-8-29,1982-8-18
304,nmiller8f@qq.com,Norma,Miller,Japan,Sakai-nakajima,Artisan,2,81-(635)391-6707,Hwao5wH,F,2015-9-21,1951-1-27
305,jellis8g@surveymonkey.com,Johnny,Ellis,China,Guancangping,Redwing,59,86-(119)457-9077,ze3QeH,M,2008-1-25,1930-12-3
306,ejacobs8h@salon.com,Evelyn,Jacobs,China,Puqi,Graedel,53,86-(960)390-9972,UN6wzhU4Yb,F,2008-9-3,1972-5-8
307,ssimmons8i@wikispaces.com,Sharon,Simmons,China,Liuji,Carpenter,28,86-(921)510-7931,ZOB4fbNm,F,2016-2-12,1988-12-18
308,dwilson8j@ca.gov,Dennis,Wilson,Indonesia,Sumurgeneng,Myrtle,97,62-(944)662-6670,IDFxQp,M,2005-4-14,1960-9-22
309,jadams8k@microsoft.com,Jane,Adams,Chile,Diego de Almagro,Hoepker,88,56-(869)512-7830,Ul0sSYs,F,2008-2-15,1939-7-20
310,ayoung8l@indiegogo.com,Ann,Young,Japan,Kobayashi,Fallview,11,81-(156)895-0545,f6p00M,F,2003-9-24,1975-4-19
311,nfrazier8m@so-net.ne.jp,Nicholas,Frazier,Argentina,La Falda,Manitowish,3,54-(447)670-2606,k1naqF5tSzW,M,2002-8-15,1951-5-3
312,treynolds8n@devhub.com,Teresa,Reynolds,Philippines,Taboc,Thompson,97,63-(604)102-3611,zUnCcmjzoQEz,F,2015-3-16,1971-11-10
313,bmedina8o@dagondesign.com,Bobby,Medina,Poland,Wawer,Elka,28,48-(102)539-5157,NnqZwe,M,2003-2-21,1941-12-11
314,jbrooks8p@skype.com,Jason,Brooks,Brazil,Andradas,Grover,29,55-(175)180-1205,rIN48QJ,M,2004-3-30,1934-8-12
315,roliver8q@delicious.com,Rachel,Oliver,Indonesia,Sumurgayam,Fallview,51,62-(553)104-7551,vd4oiG,F,2007-4-16,1968-7-6
316,nmurphy8r@state.tx.us,Norma,Murphy,Canada,Sainte-Marthe-sur-le-Lac,Anniversary,4,1-(281)120-7342,nThfJam,F,2011-8-14,1990-3-27
317,hwarren8s@techcrunch.com,Harry,Warren,United States,Waco,Fairfield,85,1-(254)643-3743,FsXOtzH,M,2005-1-29,1953-9-10
318,ajenkins8t@businessweek.com,Amy,Jenkins,Indonesia,Salem,Saint Paul,20,62-(241)714-9077,ilHiiApV,F,2005-10-26,1942-5-16
319,mgonzalez8u@comcast.net,Marie,Gonzalez,Saudi Arabia,Al Muwayh,East,44,966-(343)178-4291,y80P5h,F,2005-6-14,1994-3-7
320,lmendoza8v@homestead.com,Lawrence,Mendoza,Russia,Novovladykino,Hallows,95,7-(145)190-4143,iMLLQLfarF,M,2011-3-20,1946-12-1
321,hcampbell8w@cbc.ca,Heather,Campbell,Portugal,Fazenda de Santa Cruz,Ludington,22,351-(944)329-7177,YPDf6SJd,F,2012-5-25,1991-12-29
322,eromero8x@home.pl,Evelyn,Romero,Philippines,Umabay,Waxwing,65,63-(546)430-9166,zyJ74GUQ,F,2017-9-9,1931-3-29
323,dmontgomery8y@redcross.org,David,Montgomery,China,Jidong,Sugar,46,86-(123)667-2319,OSh4RA,M,2014-8-7,1926-7-10
324,hspencer8z@xinhuanet.com,Heather,Spencer,Thailand,Kabin Buri,Rowland,40,66-(468)963-6197,bPKlWP2S6,F,2015-1-10,1996-12-23
325,pbennett90@free.fr,Pamela,Bennett,Brazil,Guaratuba,Saint Paul,78,55-(188)311-6496,nScQ2PCY,F,2016-11-14,1935-11-27
326,lbennett91@domainmarket.com,Laura,Bennett,Spain,Pamplona/Iru¤a,Merrick,37,34-(957)871-3058,9C7dStFqoCF,F,2005-8-20,1948-7-14
327,hromero92@zimbio.com,Harold,Romero,Sweden,Njurunda,Debra,48,46-(983)305-4090,SHSpOMVMU3iP,M,2011-9-7,1987-5-6
328,rortiz93@ucla.edu,Ryan,Ortiz,Indonesia,Mergayu,Delaware,49,62-(416)841-2449,X0DrxzlE7N,M,2012-3-24,1996-8-12
329,ckelly94@google.cn,Catherine,Kelly,Brazil,Barra do Gar?as,Fieldstone,67,55-(334)862-4548,3XJvzxCuJ3a,F,2013-6-13,1991-5-15
330,anguyen95@blogtalkradio.com,Ann,Nguyen,China,Dadong,Annamark,71,86-(788)457-4617,gXnMjRCkllCf,F,2003-3-30,1974-2-14
331,enguyen96@woothemes.com,Emily,Nguyen,Portugal,Nogueira do Cravo,Tony,96,351-(175)663-9271,XTStMy,F,2003-5-6,1932-7-24
332,hcole97@arizona.edu,Howard,Cole,Kazakhstan,Sorang,Kropf,10,7-(403)627-0128,7DQRCjfqv7Xu,M,2018-6-10,1998-9-29
333,cjohnston98@nature.com,Catherine,Johnston,Portugal,Lameiras,Hoepker,48,351-(897)489-1582,Z2M8T7yJmv3x,F,2011-2-14,1932-9-17
334,echavez99@360.cn,Emily,Chavez,Mexico,San Sebastian,Algoma,47,52-(854)746-5204,Yh2511ls9m,F,2002-8-2,1964-3-15
335,polson9a@microsoft.com,Patrick,Olson,Portugal,Sines,Service,9,351-(587)789-5393,mBdxOR,M,2013-5-3,1986-7-31
336,mhall9b@github.io,Melissa,Hall,Malaysia,Melaka,Anzinger,74,60-(593)461-9839,JWp5BrPSM,F,2004-12-7,1962-3-26
337,rmiller9c@slideshare.net,Robert,Miller,Russia,Belovo,Kennedy,60,7-(871)476-6603,vWt6tQU0C,M,2010-4-20,1993-10-21
338,lhunt9d@google.es,Lillian,Hunt,Indonesia,Nginjen,Haas,96,62-(462)779-6122,Csn5r0ynl,F,2016-12-31,1935-3-17
339,kadams9e@accuweather.com,Katherine,Adams,Brazil,Itaquaquecetuba,Onsgard,25,55-(823)197-0009,9NUp0gJX,F,2010-11-4,1937-5-22
340,jturner9f@networkadvertising.org,Jacqueline,Turner,Portugal,M¢s,Cambridge,14,351-(872)450-4203,vTRoYp,F,2016-9-20,1976-7-28
341,lmurphy9g@mayoclinic.com,Linda,Murphy,Japan,Zama,Stang,21,81-(748)254-8064,CWZp2REMJ,F,2014-5-9,1927-10-27
342,jriley9h@quantcast.com,Juan,Riley,Poland,Borzytuchom,Carey,91,48-(657)334-4416,7NmETMh1,M,2005-4-16,1995-12-7
343,jstanley9i@cbsnews.com,Johnny,Stanley,Mali,Y?liman?,Mallard,65,223-(374)819-5018,ywEtQNCQ7Wv,M,2004-7-20,1948-9-7
344,vturner9j@scientificamerican.com,Victor,Turner,Argentina,Rinconada,Heath,41,54-(723)428-5939,YXXI8TEF,M,2012-1-9,1929-3-2
345,mfowler9k@theguardian.com,Mark,Fowler,Indonesia,Kalate,Longview,42,62-(336)827-2918,YJ9iyfp,M,2011-6-21,1941-9-5
346,jcoleman9l@columbia.edu,Jimmy,Coleman,Ireland,Bantry,Schlimgen,82,353-(788)751-8510,iVsLX6WPNL,M,2014-11-27,1943-3-23
347,hbaker9m@360.cn,Helen,Baker,China,Zhoukoudian,Gateway,21,86-(663)321-4171,Iq1EKxIZ0,F,2009-7-12,1951-5-24
348,spayne9n@wikia.com,Shawn,Payne,Philippines,Bayang,Anhalt,95,63-(402)276-6457,7bZZwiPbCrY,M,2002-10-22,1960-2-22
349,scollins9o@netscape.com,Steve,Collins,Argentina,El Galp¢n,Gateway,64,54-(191)787-8011,EFFD4Bj5,M,2008-7-14,1936-8-16
350,bmorris9p@epa.gov,Billy,Morris,Democratic Republic of the Congo,Kisangani,Mccormick,47,242-(839)721-0679,sIq4sn,M,2005-1-11,1986-7-10
351,bchavez9q@google.pl,Beverly,Chavez,Sweden,Stockholm,Roxbury,62,46-(831)300-8518,JfgBrvzoEV,F,2017-4-1,1946-1-5
352,mgutierrez9r@nhs.uk,Marilyn,Gutierrez,Kyrgyzstan,Kara Suu,Sherman,63,996-(561)517-8442,6xo5Zv9ICp9,F,2008-12-13,1962-7-30
353,sflores9s@bluehost.com,Steve,Flores,Ukraine,Mirovka,Mesta,54,380-(678)477-6370,8M7dzX,M,2010-6-3,1962-5-25
354,tmeyer9t@lycos.com,Terry,Meyer,Mauritius,Pailles,Blue Bill Park,44,230-(181)512-9650,ShaQ9mqGy8,M,2012-11-17,1959-11-15
355,amoreno9u@cdc.gov,Albert,Moreno,China,Xiangying,Bayside,19,86-(334)560-3982,EmrZxbz6FBZv,M,2013-9-8,1980-3-20
356,pwilliamson9v@newyorker.com,Patricia,Williamson,Mali,Bafoulab?,Continental,30,223-(407)799-1890,pbnb966G,F,2010-4-1,1925-7-4
357,hadams9w@go.com,Harold,Adams,Colombia,Risaralda,Ohio,87,57-(218)363-6292,RYbD2N,M,2012-3-20,1972-7-24
358,tadams9x@constantcontact.com,Tina,Adams,Ukraine,Stepove,Heath,99,380-(458)166-6326,gbUSDWDMZ2,F,2014-12-29,1996-2-2
359,staylor9y@tinyurl.com,Stephen,Taylor,Germany,M?lheim an der Ruhr,Barnett,44,49-(964)659-3691,zH28Vi97In,M,2003-8-17,1930-5-1
360,tburton9z@flavors.me,Tina,Burton,Canada,Summerland,Barby,49,1-(139)292-4378,MYwGyoGt,F,2010-11-26,1969-7-25
361,jmasona0@gravatar.com,Jesse,Mason,Brazil,Santa F? do Sul,Tennessee,77,55-(553)141-6945,Ezks32Yhv,M,2009-9-28,1984-2-5
362,wgriffina1@auda.org.au,Walter,Griffin,Poland,Gocza?kowice Zdr¢j,Buena Vista,18,48-(280)873-1018,QMdEdfTQ9,M,2013-10-20,1933-7-25
363,pgordona2@time.com,Phillip,Gordon,France,Brive-la-Gaillarde,Northport,73,33-(679)122-3454,1OZPoBrAg,M,2003-11-30,1973-2-25
364,ahendersona3@howstuffworks.com,Albert,Henderson,Russia,Opechenskiy Posad,Steensland,44,7-(726)515-6640,pY6SvbS1JO3X,M,2018-1-23,1982-12-13
365,bellisa4@purevolume.com,Brandon,Ellis,Kazakhstan,Burunday,Armistice,47,7-(498)226-9558,85trIZh8AgPw,M,2016-9-5,1936-4-4
366,crichardsona5@mozilla.org,Charles,Richardson,Canada,South River,Ohio,5,1-(185)454-4188,ssdpaYUFqpNW,M,2010-11-30,1957-2-25
367,mstanleya6@go.com,Martha,Stanley,Philippines,Bagong Sikat,New Castle,10,63-(326)460-2720,pg7ACz,F,2016-9-9,1936-1-4
368,nowensa7@wunderground.com,Norma,Owens,Poland,Sosnowiec,Hoard,90,48-(677)857-6506,JOD9lMPIy,F,2002-9-3,1961-5-28
369,nhenrya8@sciencedaily.com,Nancy,Henry,Indonesia,Nangkasari,Blackbird,1,62-(390)669-1895,dFBE5epM8,F,2012-6-2,1977-10-31
370,cdavisa9@mtv.com,Carol,Davis,Brazil,Rio Claro,Gale,66,55-(189)757-8893,LzHvf5A,F,2007-6-30,1988-6-23
371,cyoungaa@e-recht24.de,Chris,Young,Philippines,Aglalana,Sloan,74,63-(154)464-0807,xeAsQ9cjjW,M,2014-4-25,1951-4-22
372,jgarrettab@scribd.com,Julia,Garrett,China,Nanhai,Maryland,56,86-(479)636-0426,3RAvqc7Txgj9,F,2002-11-28,1983-9-10
373,sadamsac@yelp.com,Samuel,Adams,Thailand,Bamnet Narong,Farmco,19,66-(236)684-4955,Olqbbr4a3Nu,M,2017-3-1,1987-12-10
374,pwatsonad@google.pl,Patrick,Watson,Senegal,Kaffrine,Sheridan,79,221-(321)763-6095,WnwKXBt,M,2016-3-21,1927-7-28
375,gpriceae@huffingtonpost.com,George,Price,Russia,Teeli,Victoria,97,7-(954)480-3555,FxYjlY,M,2016-9-15,1971-3-30
376,shartaf@nba.com,Steven,Hart,China,Huangzhan,Anthes,54,86-(663)389-0355,8d3bevu5o,M,2005-11-24,1972-5-21
377,jgilbertag@scribd.com,Jerry,Gilbert,China,Yunxi,Bartillon,58,86-(278)776-2055,oI9LT8,M,2012-2-29,1936-9-14
378,jmillsah@1688.com,Joan,Mills,Russia,Verkhniye Achaluki,Vidon,9,7-(555)733-7775,9W6cGPluh,F,2004-9-18,1937-2-5
379,bmartinezai@qq.com,Barbara,Martinez,China,Baishuiyang,Redwing,51,86-(608)830-1905,isx3tEC,F,2010-5-9,1982-6-23
380,rjordanaj@altervista.org,Randy,Jordan,China,Liqiao,Melby,89,86-(387)103-4897,BTWHItDO,M,2009-8-21,1975-4-12
381,aortizak@goo.ne.jp,Amy,Ortiz,China,Quma,Mallard,96,86-(635)252-0314,A0aWHNL2,F,2012-10-1,1939-7-2
382,mknightal@comcast.net,Mary,Knight,China,Gaogongdao,Montana,81,86-(431)766-6647,aqvSUSdcN4eO,F,2015-10-3,1955-9-12
383,dsmitham@google.es,Dennis,Smith,Dominican Republic,Moca,Clemons,77,1-(142)146-9296,9XZ9kbrYN8,M,2011-6-24,1983-4-26
384,srodriguezan@apple.com,Sean,Rodriguez,Poland,Gzy,Butterfield,41,48-(895)600-9330,XOKuIZG,M,2016-1-13,1972-2-22
385,pphillipsao@youtube.com,Paul,Phillips,Philippines,Kawit,Johnson,84,63-(308)296-1675,2xCjicuYn,M,2010-3-12,1936-7-27
386,pthomasap@angelfire.com,Phyllis,Thomas,Tokelau,Fale old settlement,Bonner,98,690-(570)190-4618,ReWkTLaP,F,2008-5-14,1970-12-19
387,dturneraq@google.com.hk,David,Turner,China,Luhe,Melrose,80,86-(197)268-6470,RaGPtLr,M,2017-11-24,1952-7-6
388,sjacobsar@studiopress.com,Sara,Jacobs,Portugal,Costa de Rios Frios,Clove,10,351-(214)487-4818,RLQl49zj,F,2012-6-9,1953-11-27
389,dgrantas@netvibes.com,Daniel,Grant,Macedonia,Kamenjane,Colorado,41,389-(646)616-2043,5vZ84Ps,M,2009-10-29,1971-3-25
390,lellisat@seesaa.net,Lori,Ellis,Indonesia,Tiang,Scofield,61,62-(244)589-0118,eSQi4G4,F,2013-3-25,1949-9-16
391,cchavezau@flickr.com,Carlos,Chavez,Vietnam,Nh? B?,Waxwing,61,84-(471)783-9696,PYPHtZJq,M,2018-2-23,1985-1-25
392,lscottav@patch.com,Larry,Scott,Iran,Kerm?nsh?h,Daystar,99,98-(202)963-7065,AEuyLj,M,2012-10-6,1972-10-9
393,aharveyaw@exblog.jp,Anthony,Harvey,Colombia,Alcal ,Gulseth,7,57-(619)753-4035,4ds4fs,M,2008-9-30,1950-7-2
394,jwalkerax@prweb.com,Johnny,Walker,Philippines,Magay,Schurz,3,63-(456)617-9026,itkoevRqI,M,2004-9-5,1951-6-26
395,rwilliamsay@sun.com,Rose,Williams,China,Jing?an,Bobwhite,6,86-(648)545-2830,rBJeUUx5,F,2008-2-13,1974-4-18
396,jwardaz@dot.gov,Justin,Ward,Philippines,Sagasa,Grayhawk,16,63-(865)633-7743,uGqtdzluyT5W,M,2006-12-19,1971-5-16
397,lfowlerb0@gnu.org,Lori,Fowler,Colombia,Sabanalarga,Marquette,46,57-(962)262-3193,tdVMGrmPkQ0,F,2004-9-20,1937-10-15
398,acarterb1@reddit.com,Anne,Carter,Japan,Taketoyo,Carioca,96,81-(563)574-0519,qfuy0kUkapj9,F,2006-10-12,1961-4-8
399,malvarezb2@usda.gov,Melissa,Alvarez,China,Xijiao,Redwing,92,86-(770)150-1381,4iJKCvD,F,2009-6-6,1928-10-13
400,jsandersb3@globo.com,Jimmy,Sanders,Serbia,Ba?ka Topola,Surrey,13,381-(723)825-7472,JNxOuop,M,2009-7-24,1952-12-28
401,bmartinezb4@netvibes.com,Brenda,Martinez,Sweden,Lilla Edet,Porter,29,46-(735)224-2560,k8UBFs9n2ht,F,2011-11-3,1982-5-28
402,gknightb5@pen.io,Gloria,Knight,Sierra Leone,Zimmi,Gerald,75,232-(174)285-6971,UgqUBRFNi1s0,F,2007-1-31,1925-7-9
403,ddiazb6@youtube.com,Dorothy,Diaz,Japan,Tamamura,Nelson,30,81-(279)344-7079,GlAURx,F,2011-8-6,1980-8-11
404,jwatkinsb7@ocn.ne.jp,Janice,Watkins,Dominican Republic,Pedro S nchez,Comanche,62,1-(436)276-7279,2KIpzrzOaNV2,F,2003-1-16,1947-8-27
405,gcrawfordb8@posterous.com,Gerald,Crawford,Indonesia,Madur,Waubesa,63,62-(606)163-0362,C1pP2a4idu,M,2011-7-6,1968-9-19
406,tbaileyb9@npr.org,Terry,Bailey,Peru,Huacho,Parkside,14,51-(906)137-6908,2cqfong,M,2018-2-14,1979-9-17
407,rcruzba@php.net,Rachel,Cruz,Yemen,Sa'dah,Old Gate,92,967-(775)891-1476,O4PlwBw3,F,2008-11-26,1931-12-27
408,pwallacebb@google.es,Phyllis,Wallace,Armenia,Khasht?arrak,Mcguire,47,374-(517)559-2341,um3yAS,F,2015-2-15,1946-2-24
409,lfernandezbc@prlog.org,Lawrence,Fernandez,United States,Richmond,Barnett,73,1-(804)688-7847,TNyD7Mi2,M,2013-1-24,1947-1-16
410,skellybd@tamu.edu,Sarah,Kelly,China,Xiangshui,Porter,98,86-(419)752-8392,3Z27N7N2sx,F,2003-7-17,1952-1-22
411,shayesbe@wordpress.org,Scott,Hayes,Peru,Jeberos,Moland,65,51-(495)133-6701,tEMrUib7jIu,M,2007-6-8,1938-9-15
412,afieldsbf@bravesites.com,Andrea,Fields,France,Oyonnax,Aberg,74,33-(837)830-8682,aXkeDUfyp,F,2016-1-6,1974-9-29
413,egrahambg@umn.edu,Emily,Graham,Portugal,Sentieiras,Bultman,66,351-(821)281-7124,FcF7BZ1,F,2016-9-9,1972-2-19
414,mwalkerbh@accuweather.com,Margaret,Walker,China,Xin?an,5th,26,86-(693)717-8609,pTZkxaN,F,2014-11-30,1978-4-27
415,ahayesbi@omniture.com,Andrea,Hayes,Indonesia,Cikaludan,Spohn,75,62-(727)424-9705,iYUO1IS2DB,F,2006-5-19,1969-7-20
416,ldiazbj@nyu.edu,Louise,Diaz,Indonesia,Siso,Mallard,54,62-(968)690-3262,jfNDxFz3JosX,F,2005-4-6,1964-8-25
417,bdaybk@posterous.com,Benjamin,Day,Sri Lanka,Galle,Arapahoe,68,94-(843)383-8717,BwwkhSoUVSm,M,2015-7-21,1936-8-12
418,hlarsonbl@nba.com,Howard,Larson,South Africa,Vrede,Brentwood,67,27-(243)597-7907,PP1IwVEo,M,2005-5-30,1996-9-27
419,jcollinsbm@nps.gov,Jane,Collins,Afghanistan,Nahr?n,Sutherland,62,93-(528)831-7741,JlsIMczA2v,F,2017-4-18,1929-1-17
420,wrobertsonbn@ycombinator.com,Wayne,Robertson,Poland,Pu?tusk,Darwin,68,48-(799)103-8728,mNuAfqAoD,M,2007-6-20,1967-12-6
421,amedinabo@umich.edu,Anthony,Medina,China,Liangyaping,Sutteridge,12,86-(572)220-7432,1TQGkKgq7uY1,M,2009-4-29,1992-7-19
422,jjenkinsbp@networkadvertising.org,John,Jenkins,Indonesia,Riangderi,Artisan,63,62-(562)544-3467,CO7n8tny,M,2013-10-19,1984-5-8
423,rstevensbq@lulu.com,Roger,Stevens,South Africa,Centurion,Daystar,30,27-(662)182-1556,EeVO59VV,M,2017-5-8,1951-4-4
424,bwashingtonbr@diigo.com,Brian,Washington,Luxembourg,Reisdorf,Sunnyside,16,352-(904)122-6828,Khp26zy7K,M,2005-6-8,1972-10-20
425,jperezbs@weibo.com,Joan,Perez,Colombia,Hobo,Londonderry,60,57-(742)105-2752,j5z6sHz,F,2017-3-29,1991-10-31
426,bturnerbt@prnewswire.com,Billy,Turner,Burundi,Bururi,Little Fleur,12,257-(750)623-0025,ilhhffvFK3ZM,M,2008-2-14,1928-6-21
427,jpaynebu@sina.com.cn,Jane,Payne,Poland,Rokitno,Swallow,45,48-(495)564-0248,cQFgwx,F,2009-5-13,1958-8-16
428,aruizbv@squarespace.com,Andrea,Ruiz,Greece,N?a Ion¡a,Annamark,34,30-(300)136-6442,cORQqzI8,F,2006-2-14,1975-3-3
429,slongbw@mapquest.com,Shawn,Long,Honduras,Aguas del Padre,Division,14,504-(989)459-1771,ZgYZy4DPyjh7,M,2009-8-8,1959-9-25
430,tlynchbx@jiathis.com,Timothy,Lynch,Germany,M?nchengladbach,David,81,49-(872)736-8103,iD9qE9iTE0e1,M,2015-12-13,1962-9-21
431,whansenby@php.net,Willie,Hansen,Indonesia,Gambut,Bayside,56,62-(894)252-2585,zQzcnlVd8KRk,M,2004-10-10,1968-1-9
432,mfranklinbz@fda.gov,Margaret,Franklin,Indonesia,Pandan,Crownhardt,12,62-(659)890-2962,iTItiOiiR,F,2013-5-26,1925-7-9
433,hspencerc0@sun.com,Heather,Spencer,Sweden,Kista,Thackeray,100,46-(592)909-2797,JIKnLKIFKxfU,F,2015-5-2,1941-11-17
434,whamiltonc1@cdc.gov,William,Hamilton,China,Zaindainxoi,Northland,99,86-(227)408-3036,VgQKfk,M,2003-11-2,1947-5-19
435,ffreemanc2@bbb.org,Fred,Freeman,Brazil,Iturama,Bowman,84,55-(467)278-2637,Z5XH1VESOA,M,2009-2-16,1953-7-8
436,swatsonc3@google.cn,Sean,Watson,Venezuela,Cumanacoa,Pearson,44,58-(369)750-0502,7Ec54pWtc0,M,2013-5-3,1990-10-4
437,aevansc4@apache.org,Antonio,Evans,Indonesia,Banjar Kubu,Erie,82,62-(853)938-7680,sZnqhngq,M,2005-7-19,1986-8-10
438,levansc5@rediff.com,Lori,Evans,China,Zhanlong,Reinke,15,86-(326)786-4356,ruZCCeuFp,F,2003-11-15,1956-8-5
439,ncruzc6@instagram.com,Norma,Cruz,Philippines,Pagatin,Sunfield,4,63-(390)840-6882,DzzTjs0dECNw,F,2009-8-7,1954-2-21
440,dmorrisonc7@wikimedia.org,Donald,Morrison,Honduras,Buenos Aires,8th,99,504-(137)100-8063,d5yukYHy,M,2012-4-29,1943-8-22
441,wgarrettc8@un.org,Wanda,Garrett,Afghanistan,D?ng?m,Surrey,50,93-(908)568-3660,Fxm0Jwfb,F,2003-4-11,1949-4-30
442,fromeroc9@hatena.ne.jp,Frances,Romero,Sweden,H?sselby,Tennessee,1,46-(977)364-4387,6ys92g,F,2017-10-1,1943-7-21
443,rtorresca@ameblo.jp,Roger,Torres,United States,Greensboro,Knutson,33,1-(336)854-7827,DKlQuXiCwTRN,M,2014-5-7,1949-9-18
444,kmillscb@nasa.gov,Kathy,Mills,Poland,Paprotnia,Union,59,48-(792)136-4570,dK6zaWX4E,F,2006-7-22,1967-11-24
445,jgarzacc@youtu.be,Jimmy,Garza,China,Shimen,Bobwhite,47,86-(893)844-1452,Y17Ell4MsOB,M,2004-9-11,1981-2-4
446,cmitchellcd@dailymail.co.uk,Christina,Mitchell,Portugal,Carrazeda de Ansi?es,Judy,70,351-(503)341-1923,VLKT1mfu1W,F,2002-8-31,1945-4-16
447,whughesce@vistaprint.com,Walter,Hughes,Iraq,Kh?li?,Becker,2,964-(458)127-0126,83jYVLSJtd,M,2007-2-21,1946-12-10
448,cmasoncf@rediff.com,Craig,Mason,Sweden,G?teborg,Oakridge,73,46-(710)268-0981,1AaSLKKX,M,2014-8-23,1979-5-8
449,nburnscg@weather.com,Norma,Burns,Greece,Sidir¢kastro,Troy,58,30-(726)226-6520,u8c9mzqN,F,2009-4-1,1942-9-21
450,rruizch@ca.gov,Ruby,Ruiz,Argentina,La Clotilde,Loeprich,34,54-(319)407-2949,dGkM0K6rl,F,2011-5-4,1929-6-27
451,lmedinaci@forbes.com,Lori,Medina,Haiti,Roche-?-Bateau,Waywood,91,509-(733)327-5292,amHKXy5oAjY,F,2015-8-23,1997-5-20
452,krobertsoncj@ebay.com,Kevin,Robertson,Mexico,Emiliano Zapata,Del Sol,2,52-(238)990-3533,Pz5OV6HVOjL,M,2010-3-11,1991-2-28
453,jharperck@go.com,Juan,Harper,China,Boshan,Stone Corner,97,86-(130)934-2746,2hou1G,M,2010-1-8,1970-1-1
454,mgomezcl@squidoo.com,Michael,Gomez,China,Jiangfang,Sachs,16,86-(851)399-0561,Pzgean5essO,M,2007-3-22,1973-9-22
455,rchavezcm@cbslocal.com,Ryan,Chavez,Vietnam,La Gi,Northport,40,84-(976)229-3377,ZkaISIb2BzH,M,2016-10-28,1987-4-27
456,wharpercn@pen.io,Wayne,Harper,Philippines,Dassun,Welch,58,63-(901)817-4945,41HfNSttr,M,2008-12-8,1983-5-16
457,apattersonco@ted.com,Albert,Patterson,Sweden,Bor?s,Ridgeway,18,46-(783)518-1389,Kzi6aP,M,2016-2-4,1975-5-23
458,ajordancp@feedburner.com,Anthony,Jordan,Sweden,G?teborg,Ryan,76,46-(357)274-9953,dtnX2if,M,2009-2-24,1996-9-15
459,sgomezcq@barnesandnoble.com,Shawn,Gomez,China,Siyang,Evergreen,42,86-(416)750-8353,tNtavm88X,M,2009-2-4,1958-7-11
460,mharveycr@ycombinator.com,Martin,Harvey,China,Botou,Ilene,63,86-(454)570-0665,2Zc053o,M,2009-7-21,1993-9-16
461,djonescs@gnu.org,Denise,Jones,Greece,Ag¡a Tri da,Mayfield,11,30-(622)906-4499,0Sju2jB,F,2018-2-17,1960-10-26
462,fdayct@salon.com,Fred,Day,Finland,Tampere,Northland,71,358-(901)220-5844,vHsYcn16j8,M,2012-3-20,1937-5-11
463,egarciacu@independent.co.uk,Ernest,Garcia,Russia,Sernovodsk,Colorado,52,7-(975)789-6004,RzCuWdp,M,2013-6-9,1978-10-13
464,lwalkercv@ucsd.edu,Lillian,Walker,Indonesia,Girsereng,Duke,9,62-(166)114-2678,1kRK6dxNgQt,F,2016-1-15,1974-10-28
465,tarmstrongcw@baidu.com,Timothy,Armstrong,Bosnia and Herzegovina,Kakanj,Aberg,22,387-(662)648-7187,hSuQQde2,M,2012-9-16,1984-5-13
466,jmorrisoncx@admin.ch,Jessica,Morrison,Indonesia,Mangga Dua,Dayton,36,62-(608)407-6821,alTGqc1,F,2015-5-29,1936-12-17
467,lperrycy@netlog.com,Lillian,Perry,Portugal,Mem Martins,Anzinger,10,351-(827)582-1673,shxbRFTGY,F,2015-7-10,1934-7-23
468,gbrowncz@dagondesign.com,Gerald,Brown,France,Valence,Lawn,35,33-(615)137-5687,vCee7SCNxH,M,2006-4-24,1949-9-26
469,fgordond0@sina.com.cn,Frances,Gordon,Brazil,Jeremoabo,Vernon,59,55-(127)162-1820,aXADbMdf0O,F,2010-2-9,1949-12-25
470,fstanleyd1@macromedia.com,Fred,Stanley,Russia,Petrokamenskoye,Dexter,40,7-(409)237-0469,Ghg5GdTa,M,2015-12-3,1953-2-9
471,mblackd2@multiply.com,Marilyn,Black,Philippines,Tagana-an,Old Gate,3,63-(630)734-4287,p3jikny,F,2016-5-12,1998-9-3
472,bscottd3@phoca.cz,Brenda,Scott,Poland,?arki-Letnisko,Oakridge,44,48-(906)257-9498,L0GGxIqwKCp,F,2006-5-18,1995-3-1
473,jhansend4@gravatar.com,Joseph,Hansen,Jordan,Malk?,Anderson,16,962-(288)235-5916,UedEWcE,M,2007-7-30,1967-6-6
474,mmyersd5@wired.com,Marilyn,Myers,Greece,Kal  D?ndra,Tomscot,29,30-(803)492-2824,RRYSyNOGx,F,2004-7-19,1982-4-2
475,bmcdonaldd6@woothemes.com,Billy,Mcdonald,Vietnam,C t B?,Schiller,57,84-(607)479-6040,12x1Tff8g9SO,M,2010-9-27,1999-2-27
476,bmeyerd7@vinaora.com,Betty,Meyer,France,Issoudun,Logan,16,33-(436)843-6097,arSzpHSb,F,2014-8-2,1991-9-2
477,lmendozad8@state.gov,Larry,Mendoza,Indonesia,Bunder,Forest,38,62-(794)875-5250,8OJuzJkmN,M,2016-3-31,1997-2-15
478,mlarsond9@skyrock.com,Michelle,Larson,Sweden,?stersund,Crescent Oaks,52,46-(188)644-9197,h0xIvb1x,F,2014-3-17,1954-3-25
479,mgonzalezda@clickbank.net,Matthew,Gonzalez,Honduras,Pe¤a Blanca,Rockefeller,57,504-(148)729-4705,bvJdef,M,2007-1-29,1945-5-8
480,rkingdb@godaddy.com,Richard,King,Portugal,Santa Cristina Couto,Anhalt,58,351-(717)800-5693,TgUNFCVSk8u0,M,2009-8-25,1995-1-15
481,jpowelldc@unicef.org,Judy,Powell,Afghanistan,Baghl?n,Vahlen,34,93-(690)653-0446,okTChH10c9X,F,2003-12-6,1985-12-9
482,bsmithdd@utexas.edu,Bobby,Smith,China,Datan,Dapin,32,86-(600)710-1004,fKcWcI,M,2006-6-19,1956-7-30
483,ghansonde@imageshack.us,Gregory,Hanson,Indonesia,Bengubelan,Dunning,38,62-(662)441-6672,rDnctS3CX,M,2009-5-4,1964-7-6
484,nlawsondf@bbc.co.uk,Nicholas,Lawson,Morocco,Hassi Berkane,Fisk,99,212-(178)288-7909,iMN4h31AH,M,2009-3-10,1952-3-22
485,kgeorgedg@printfriendly.com,Kimberly,George,Sweden,G?teborg,Dixon,83,46-(471)249-3657,orFimp7faSN,F,2011-12-19,1968-7-15
486,nhunterdh@telegraph.co.uk,Nicholas,Hunter,New Zealand,Otorohanga,Dwight,95,64-(176)297-6236,OQXBeMLgX,M,2010-12-8,1937-9-28
487,cmoralesdi@ifeng.com,Charles,Morales,China,Hanting,Westerfield,74,86-(574)682-9565,f5hP9yCMnw,M,2004-12-19,1946-2-10
488,mpowelldj@webmd.com,Martin,Powell,Colombia,San Calixto,Sundown,42,57-(710)649-7164,wYvKFM7lOpC,M,2007-1-9,1949-4-30
489,aelliottdk@mapquest.com,Amy,Elliott,Japan,Katori-shi,Leroy,63,81-(838)306-7024,4mByEIJQR,F,2015-1-31,1934-10-8
490,jpetersondl@foxnews.com,Judy,Peterson,Iran,Mal?yer,Fremont,87,98-(176)894-0917,I4KO2l6O,F,2009-10-10,1939-5-25
491,sellisdm@jugem.jp,Sean,Ellis,Sweden,Solna,Kensington,48,46-(708)711-6243,DMQuIH,M,2017-12-30,1973-2-17
492,jlittledn@hatena.ne.jp,James,Little,Portugal,Cabouco,Leroy,89,351-(568)287-7112,OeJi9Zn,M,2007-11-8,1991-12-27
493,vbaileydo@phoca.cz,Virginia,Bailey,Portugal,Estrada,Dryden,7,351-(415)723-7010,TnXPx4wCoh4,F,2015-11-25,1954-12-1
494,eharrisondp@cmu.edu,Edward,Harrison,Azerbaijan,Verkhniy Dashkesan,Packers,81,994-(174)316-9838,ORmuVG8iMW,M,2002-10-9,1977-1-3
495,dhansondq@apple.com,Daniel,Hanson,Indonesia,Majingklak,Merry,36,62-(978)584-4763,B276G6,M,2017-8-17,1989-12-24
496,cbelldr@microsoft.com,Cheryl,Bell,Indonesia,Cipari,Jenna,71,62-(392)776-6777,EMWXDAQAt,F,2008-5-28,1990-5-31
497,smoralesds@cnbc.com,Sarah,Morales,South Africa,Williston,Gulseth,95,27-(600)123-4219,POUCthK0xFt,F,2013-8-10,1974-9-6
498,mbradleydt@alibaba.com,Michael,Bradley,China,Hezhang,Arapahoe,21,86-(802)243-3182,m2y8kuRG,M,2003-4-20,1996-11-2
499,jgutierrezdu@usnews.com,Justin,Gutierrez,Thailand,Bang Pa-in,Fremont,62,66-(882)943-6915,X8w9CGg7,M,2014-1-8,1968-12-16
500,twalkerdv@cyberchimps.com,Tammy,Walker,Norway,Fyllingsdalen,Schiller,77,47-(543)350-1396,m2y8kuRG,F,2009-3-11,1955-8-5
